{"cameraMode":{"drawMode":0,"name":"Shaded","section":"Shading Mode"},"sceneLighting":true,"audioPlay":false,"sceneViewState":{"showFog":false,"showMaterialUpdate":false,"showSkybox":false,"showFlares":false,"showImageEffects":false,"showParticleSystems":false},"in2DMode":false,"pivot":{"x":-0.373802125453949,"y":-0.23525568842887879,"z":2.33813214302063},"rotation":{"x":-0.10320226848125458,"y":0.1888853758573532,"z":-0.01996539533138275,"w":-0.9763637781143189},"size":3.8536808490753176,"orthographic":false}